code_,2020-01-31 00:00:00,2020-02-29 00:00:00,2020-03-31 00:00:00,2020-04-30 00:00:00,2020-05-31 00:00:00,2020-06-30 00:00:00,2020-07-31 00:00:00,2020-08-31 00:00:00,2020-09-30 00:00:00,2020-10-31 00:00:00,2020-11-30 00:00:00,2020-12-31 00:00:00,2021-01-31 00:00:00,2021-02-28 00:00:00,2021-03-31 00:00:00,2021-04-30 00:00:00,2021-05-31 00:00:00,2021-06-30 00:00:00,2021-07-31 00:00:00,2021-08-31 00:00:00,2021-09-30 00:00:00,2021-10-31 00:00:00,2021-11-30 00:00:00,2021-12-31 00:00:00,2022-01-31 00:00:00,2022-02-28 00:00:00,2022-03-31 00:00:00,2022-04-30 00:00:00,2022-05-31 00:00:00,2022-06-30 00:00:00,2022-07-31 00:00:00,2022-08-31 00:00:00,2022-09-30 00:00:00,2022-10-31 00:00:00,2022-11-30 00:00:00,2022-12-31 00:00:00,2023-01-31 00:00:00,2023-02-28 00:00:00,2023-03-31 00:00:00,2023-04-30 00:00:00,2023-05-31 00:00:00,2023-06-30 00:00:00,2023-07-31 00:00:00,2023-08-31 00:00:00,2023-09-30 00:00:00,2023-10-31 00:00:00,2023-11-30 00:00:00,2023-12-31 00:00:00
S002,0.058329513543132094,-0.06009879253567507,-0.002164845569231577,0.29684960947738115,0.0683846301901978,0.11646108521108522,0.09934345364226904,0.10895950692344525,-0.10013660577516625,-0.057465091299677695,0.05443870486739799,0.01144381506049541,0.006141284052431528,-0.07477085626764945,-0.01654726108819049,0.09693767795001573,-0.04825645432291248,0.0688207788979851,-0.03069645234301499,0.04181624983490817,-0.055751652773785465,0.027158982231075157,0.056948081889991675,-0.031762164171303064,-0.12224442429630678,0.015671970025166404,0.07843948075319895,-0.2401473465394962,-0.03446184738955815,-0.12716544492291515,0.231745162468054,-0.0636679222985449,-0.1159442966671882,-0.11598205039696241,-0.0025829114577952117,-0.12041884816753923,0.2017012351433234,-0.10385164051355211,0.1206466312249106,0.029684601113172615,0.18157765801077907,0.06182292090901709,0.02657041929043169,0.047991495178069554,-0.07964089197799018,0.028039548895411714,0.06635036496350377,0.03339454533088482
S005,-0.07884399551066223,-0.13557779799818015,-0.27715355805243447,0.21648963075366723,0.045060658578856216,-0.034945144250304705,0.0696474634565778,0.03001200480192079,-0.06301050175029177,-0.016597510373444035,0.16943521594684396,0.05646566747995818,-0.01265401265401278,0.15854472630173566,0.08102822017323263,0.026335781210433007,0.0451183431952662,-0.039375582479030835,-0.07655272026961968,0.09984193888303472,0.030589949016751827,0.10909935004642524,-0.07063740856844314,0.01482664233576636,-0.0008661758336941938,-0.0583723902854707,-0.029432540616906033,-0.1276283618581907,0.02933038184836745,-0.15107717480229077,0.07129277566539938,-0.0029664787896767075,-0.09769943232745737,0.1592151817304599,0.045580110497237536,-0.09384404924760603,0.058788421366756216,-0.04510022271714931,-0.16227299355594604,0.024134312696747262,-0.04304407713498626,0.03275737940964718,0.09589041095890405,-0.09329538266919668,-0.055210489993098744,-0.013483146067415741,0.15492424242424252,0.08753229974160215
S009,-0.05059892606361016,-0.14184397163120566,-0.045178528054408584,0.10566136185755304,0.16862170087976525,0.007343412526997994,0.02257924446374293,-0.10474978795589474,-0.06281227694503932,-0.07474226804123707,0.19832869080779947,0.02779053743683968,0.0141037306642402,-0.011674008810572678,0.1260888501742159,-0.020584840323201292,0.03380887238616381,0.007221588749525054,0.03611526946107779,0.06438232642019837,-0.07808265582655827,0.015052593398621639,-0.022459893048128343,0.1515536979829184,-0.11858771374287513,0.007224128589488954,0.02087147564994507,-0.12001437297879991,-0.09647011632571201,-0.057262878620384594,0.0650234741784037,-0.012367491166077826,-0.11680282623095606,0.10026640833131517,0.093708754949406,-0.04662797678607156,0.015227367542761883,-0.0030883261272389717,0.08140256516342559,-0.0967310265723571,0.04921841994085341,0.0402090872537193,0.004245465071401,0.0890619065704521,-0.07053941908713701,-0.04155175583747006,-0.07300249089863953,0.042294202599546304
S012,0.05078895463510835,-0.13815585221980753,-0.06978343073221038,0.15612952968388583,0.09500609013398287,-0.03281603621079865,-0.18840333276653642,0.05486542443064191,0.019492025989368056,-0.1523736600306279,0.08749437696806117,0.005246166263115359,0.11757600161062998,0.07214676309754808,0.01781170483460559,-0.1087529047250193,-0.0024449877750610804,-0.01318333626296364,-0.04088555615068734,0.007078986587183422,-0.007266629401900482,-0.09023393984404005,-0.007063572149343944,0.05967078189300401,-0.08250328885547831,-0.025536261491317713,0.05852199914566425,-0.09395136146331318,-0.012010676156583577,-0.1518929947857629,-0.000825536598789256,-0.13636363636363635,-0.18860201511335017,0.05413422321097516,0.06254416961130738,-0.1139792155548105,0.05723905723905731,-0.14241486068111453,0.289774970390841,-0.055640012161751295,0.03762376237623766,0.07420494699646629,0.06395002974420017,-0.01843575418994403,-0.028953837749248867,0.02932882120699376,0.1987127916331457,0.14883401920438954
S013,0.05342651036970225,-0.05993635077793491,-0.18201863574934207,0.23697964423253248,0.11178340290276867,0.021520951888256645,0.012525613061008745,0.10808469682386912,-0.060400944754882224,-0.053138352289823554,0.11250869098034255,0.06454234628103817,-0.028167877320419588,0.04432785481021462,-0.05745429492384546,0.04283581711914586,0.0674624398307968,0.11742579674463127,0.07925873129009275,0.07317396826600442,-0.04194413368138794,0.15078037391767918,0.07143443767349411,-0.03113467592522856,-0.12073415997592918,-0.1541643635326213,0.026164155533740185,-0.13468890128737632,-0.029390412402519828,-0.056150059994612755,0.1747572815533982,-0.03719395263791647,-0.0897297297297297,0.07736895161290325,0.03247460546647418,-0.06453241041170954,0.08050002556367919,-0.06513603489840436,0.11104742442744286,0.007443211473438183,-0.052857562540959524,0.08544963517483173,0.13315764997674773,0.06550639134709924,-0.07034206695778755,-0.04412900733874081,0.16822372590306034,0.08829572363838967
S017,0.059830656207197075,-0.07093703406353946,-0.08727356907228423,0.1781605417132337,0.04972217448587957,0.11311053984575814,0.001514411333658927,0.04151657892306271,-0.07453689444273326,-0.047020615645298025,0.058024020165076795,0.028722075759678,0.06555193164591855,-0.030335906530356782,-0.004937958976956147,0.04056117185888186,-0.008655602318748512,0.09498787388843977,0.04900589101620034,0.05989747910961318,-0.06596428453102732,0.14707713593912142,0.003704041048061324,0.018904507998061204,-0.07100821508588495,-0.03229045213110493,0.045295812849635686,-0.10309611531252028,-0.04429289556016458,-0.05722780999926591,0.08151629555435713,-0.05949426279630221,-0.1056067588325652,-0.03576472542992448,0.11820134110531622,-0.05838470297224074,0.03435178228566649,-0.013175074183976343,0.17066634181995366,0.06973505553041104,0.07471527686870005,0.023934091045763495,-0.006124441551525139,-0.025509900695724563,-0.039280715633177254,0.05068365444375389,0.0948940965700582,0.004085338175215725
S019,-0.027803521779425355,-0.0683744584667546,-0.050491159135559904,0.08745637446109633,0.03823131878741082,0.04165096117602718,-0.0007208506037124085,0.02215076813147565,0.03537981269510948,-0.059819034852546915,0.022497785651018454,0.1012938372488934,-0.05207843137254897,0.04877255730775487,0.06045035514583641,0.05542403564963094,0.018233544549334013,-0.021741862510996524,0.09554940910233833,0.017465753424657615,-0.03135075041689839,0.0690884778248273,-0.038567493112947715,-0.02830083565459618,-0.0766780432309444,-0.06256169792694977,0.0884094198131824,-0.10498719668333134,-0.028108108108108043,-0.024162011173184172,0.09834908988288404,-0.04248450413223126,-0.18897742363877823,0.23763474952441332,0.07677344053948909,-0.02817738675543935,0.056617295747730445,-0.029428095502498475,0.07621033124855225,0.008517887563884052,0.11668599135659319,0.12359656571374678,0.0006828851899274291,0.021032991264523737,-0.12412139254113952,-0.03101864867397608,0.0989125295508273,-0.10011949470809145
S021,0.04996561313279302,-0.03597765363128491,-0.11668702120572882,0.1740646060887754,0.12436016751977674,0.11709607883391504,0.010254428048475539,0.14603656494854556,-0.07106733592196235,-0.10492282436788047,0.07535847530004047,0.04376500052175736,-0.05474512712737456,-0.02197872340425533,0.012351726047234779,0.051723424504489524,0.0022246057283596965,0.18094008993567368,0.06310604894566718,0.07264646464646463,-0.13541275586057755,0.12622300725578817,0.04631365198375503,-0.13743326082657703,-0.05328064921948372,-0.12743012798985043,-0.023699322876489237,-0.13583884414762437,0.02256377519703401,-0.12459345704993308,0.1130047763786366,-0.09158578413486096,-0.25728011227161096,0.11660356191277521,0.09148155180051898,-0.022027839934904647,0.09919268669120251,-0.15620441758699732,0.19169398231183132,-0.006630183119343269,0.1166377121475346,0.1458465143526655,0.12563632241709777,0.018648697869240616,-0.09465385912892177,0.020973653407019288,0.12214876033057842,-0.025911473215014635
S026,-0.1001665972511453,-0.07907598672076732,-0.044627709707822816,0.2093422981649058,-0.005541605333795108,0.03944295094971584,-0.04096111633740995,0.02409443725743854,0.013154747668021827,-0.1505540545831865,0.008310249307479145,0.021503465434512092,0.06516368128474381,-0.06450942062138676,0.0958861874559549,-0.03824697997351212,-0.030320319504442028,0.0435396866170048,-0.021709194005670396,-0.05946870178072472,-0.047906872621446106,-0.032488780852655164,-0.05200438533771867,0.12036852589641422,0.001985089770170756,-0.009620430295609661,0.07375338572887524,-0.0408440276406713,0.11181361510479837,-0.03993370688974818,0.007819181429444155,-0.021739130434782483,-0.08187372708757634,0.17319041833015114,0.05270896125854585,-0.08148562635517942,-0.0353525702274029,-0.059859583620794576,0.02354037004106857,-0.019227622320405757,-0.07639179573043109,0.036169319083399376,0.04062041687036144,0.10434258142340158,0.04694012699154704,-0.03984078705268301,0.03373715687777956,0.05714810056891162
S027,0.030497752621940988,-0.11436532106524977,-0.14899099762390822,0.21954256776389536,0.099872003320995,0.13344725803945923,0.16733954024882602,0.1845324153757888,-0.13690564912803704,-0.06789964894254652,0.09451135423370416,0.08124185136897011,0.019704814156556782,-0.09601908453854169,-0.044134908834807085,0.06878048780487811,-0.05983099441677975,0.1020276794335373,0.06257740220004382,0.04336173721825176,-0.07219198741066157,0.05012267788293023,0.10969387755102034,0.07768404442556287,-0.03972309213779457,-0.05434969360288644,0.06991421568627465,-0.09557684584934889,-0.057736135730564686,-0.08062672315244446,0.16972576117469207,-0.026561822797349977,-0.12509496074955695,0.07644787644787665,-0.017391304347826098,-0.12392960690445687,0.1536739425921485,0.013614797497077502,0.13481522262748613,0.02112294638021317,0.045167757532873276,0.07707257482369934,0.020731580588174037,-0.039543978937143676,-0.09632640135120873,-0.01715107913669056,0.09185491751451402,0.006745450742522419
S043,0.06201127477723212,-0.08688972345510404,-0.20869098712446355,0.08950617283950635,0.023684210526315752,-0.04915939561608862,0.05399375278893359,0.06976241900647961,0.005089576547231189,-0.02277348515656763,0.06129164952694377,0.05380476556495006,-0.08737680060652009,0.010519801980198196,0.05631262525050107,0.027994667682346153,0.014867841409691662,-0.021164978292329995,0.056893995552260934,-0.010021097046413519,-0.07443993649673664,0.06318370426254227,-0.06622752358910444,0.1321223709369026,0.028836424957841444,0.02774108322324964,0.00048410521219954816,0.027676157149673974,-0.0009457755359394415,-0.0025368638021247003,-0.0032618825722272593,-0.04355238685678853,-0.09645161290322579,0.056487202118270075,0.06656606304493629,-0.002821758896378701,-0.02589356632247819,-0.029675525843795847,0.05385660890248056,0.028044871794871806,-0.07216174183514779,0.003666666666666707,0.022284582370419415,-0.03140683179536996,-0.05614567526555392,0.018204758471521254,0.03543586109142449,0.004945429740791152
S059,0.04683344536341583,-0.09668825037096973,-0.16184574989901335,0.22193993285545766,0.08820939483193158,-0.011722316307400615,0.03186546463245499,0.09898432652620781,-0.11448389201730436,0.0861684252973991,0.08008274231678492,-0.023794670706710597,0.05864564082658896,0.06805876169396807,-0.0034498420030343313,0.10504371343519048,0.00587688000409714,0.025453766619911056,0.10030666955232759,0.07298977787170613,-0.07946465769838618,0.08424452370315572,-0.011146574492846617,0.026944059439282908,-0.06681771000368975,-0.018794862108046928,0.03734107107558837,-0.18580739990224793,-0.024197352958836182,-0.04327784216626285,0.06973215312104841,-0.057809507226188384,-0.1283943867322762,-0.041869424168694214,0.1162816403227589,-0.1263491434795524,0.10906642728904847,-0.10325599920342532,0.1479637007525454,0.028555001916443112,0.14617537313432827,-0.03249272550921434,0.10692243536280222,0.035119726339794655,-0.035382574082264306,-0.07520310054408574,0.04808224594701471,0.05938116183831332
S084,0.046329704981656006,0.03081005586592167,-0.014565017714210815,0.1531806196440344,0.010740000481614498,0.06836964688204361,0.006671608598962209,0.06205126148168927,-0.10155421794986974,-0.09814031961479397,0.013591671486408385,0.07164374331126888,0.018226676356959848,-0.00035247848026109807,-0.05262966729623719,-0.04810722628007846,-0.012374535954901678,0.058367396008655925,-0.029932151291374387,0.10490148500436791,0.04856804164447581,0.12584196363043287,-0.05765080670023637,-0.024815060621266705,-0.2849657666103086,-0.13696322709076192,-0.030162593206296662,-0.49029373175890967,-0.010127343828336577,-0.09351511067337093,0.24979160878021678,-0.01171477830334644,0.023474178403755985,0.22105087014725577,0.06549258936355695,-0.06963243413787656,0.19972876758772684,-0.11011353904804,0.10207987750414693,-0.052687492821867354,0.21939405158583236,0.09267481953712209,-0.005595324392895895,-0.011262596324836949,-0.141584068382286,0.08245471038308838,0.12798971893667166,0.04539013183321172
S087,-0.014505439539827414,0.1237465152082553,-0.04641319683102407,0.20245196856872494,0.25546361128792716,0.07852377572746638,0.11382476390346263,0.21473172725414957,-0.021018739599160674,-0.07936391347460436,0.06523855890944485,-0.025018670649738617,-0.009436839897815075,0.03607312835234566,-0.03565300630339374,0.08671964088547779,0.0948826393920501,0.2298256939961265,-0.03527607361963192,0.13341772151898734,-0.07686823225346462,0.23261980522611125,0.2651875943779767,-0.06438682996659773,-0.18707878224494534,-0.010268690640474087,0.16224389828342645,-0.30566786463012885,-0.0440792504991554,-0.17254366812227062,0.2506369207464023,-0.18149774957974074,-0.12900911243452684,0.07872442455242967,0.24957542641955244,-0.1471257659760724,0.36479217603911973,0.10853268395167825,0.22376420830029065,-0.007723940640085747,0.30868211691456215,0.06366607995976858,0.10176125244618395,0.06123809319027251,-0.10327980374775814,-0.08936626323076236,0.10502067336089782,0.05895434619908069
S089,0.04564865262847895,-0.07353869903866384,-0.1270533507777294,0.11996274974602095,0.010834485938220562,-0.005489134521392769,0.040042308854638664,0.024579370885150054,-0.004238810259357684,-0.0533380681818183,0.0671846096929336,0.01526665297460128,-0.05337214944201851,-0.05686961600233609,0.08291226458429013,0.020385050962627327,0.014747239179641936,0.0036577931314771828,0.05904183535762475,0.0004477993858751361,-0.04749540877715153,0.07055316329910566,-0.009177725412377491,0.08460289710289715,0.003121748178980255,-0.04990135778113025,0.03149072533431929,0.011486804901036818,-5.960896518830694e-05,0.0010210823472880382,0.03288269673534461,-0.02644814919468763,-0.05548163147237495,0.09881996974281404,0.026277937596813405,-0.028187197417966714,-0.04676439440387936,0.011482863138260635,0.0640284830444171,0.04597260273972603,-0.048674874791318934,0.016630989626214454,0.01002155172413799,-0.04763943903222356,-0.033538672142368164,-0.034817047939942,0.0207436161824468,0.006817238721915864
S092,0.009804715987359325,-0.09495643833426581,-0.07995985279357642,0.07811213756516966,-0.007704160246533087,0.01978678038379522,0.09284880813468921,0.05362175337040154,0.005861919235779389,-0.015369146796897604,0.0026714801444043257,-0.0016502834182393622,-0.06972863154839637,-0.0421803520198496,0.08962909324965795,-0.006404527852249098,-0.0011111111111111738,0.015427453341360753,0.05168589174800342,0.0035945869749083315,-0.028086763070077847,0.02443043415962176,0.013600673022995169,0.11734972677595623,-0.0150399017802334,-0.0241016652059598,-0.0033265931772226143,0.035205364626990754,-0.06629624952645541,-0.012702554243339659,-0.04927794127712004,-0.03470958712386285,-0.09588942996276129,0.04793401291728272,0.1058718861209964,0.015477386934673376,-0.06063205119746651,-0.039318388155597406,0.08012494551794269,0.045950103671995146,-0.08986395861276097,0.05404278966379561,0.024918032786885425,-0.012224000000000013,-0.05598343149310714,0.0333356291755631,0.026134616670008715,-0.04008908685968826
S095,-0.03811027173300252,-0.09458834412580952,-0.16025322740814296,0.19377845220030343,0.06927551560021139,0.14398595258999114,0.17631989307195362,0.08677799069258141,-0.03548889435292191,0.032128514056224855,0.18714205049608768,0.007140023800079387,0.05239057239057243,-0.1571357841316996,-0.049465911534877116,0.007329994919805571,-0.02102888743360265,0.06711960579363896,0.06392045454545459,-0.014577455327153155,-0.1192898600204848,0.03364151969543916,0.339366515837104,0.04122302567898428,-0.056119435046453,-0.029018235194489872,-0.06640601136294222,-0.04966324239744213,-0.014111654161217069,-0.08770175689187265,0.17428964623977983,-0.10282846096452547,-0.13038793103448265,0.0037536256611498953,0.07807039972726493,-0.13303367242331054,0.2426305970149254,-0.10782897587750984,0.03153298835705032,-0.06365239698573033,-0.020977209944751385,0.02771302771302775,0.10059122324922964,-0.1328740157480316,-0.03748320838930541,-0.018991899189918948,0.1637658941293174,0.11536978483843607
S130,0.04813201138975609,-0.0690728476821193,-0.07766707640551207,0.05655903480019542,0.021694488606253337,-0.016477991501508416,0.06818703855619357,0.05569051378598333,0.010302236894530248,-0.0023433576968140413,0.07513927385493568,-0.027815047992568953,-0.07291858476917001,-0.055688691087527054,0.06242276275733194,0.048318025581788326,-0.0027681113571654814,0.04610951008645525,0.08919473804273448,0.061946283689266135,-0.015705774117234617,0.09637989873530661,0.09659056254701448,0.07145553374603653,-0.10866227876691792,0.02132137448122573,0.10119901325225178,-0.07618534669979327,-0.11859343983363269,0.04877568436946089,0.1143362977602107,-0.04518937107953391,-0.10752688172043012,0.049756138404538186,0.07858628690295233,-0.0939943635136744,0.1276473702788563,-0.06512714564306532,0.038022019345269165,0.01245397662112957,0.03640673433416408,0.05029262582910654,0.03628197545467993,-0.011143716132284487,0.038052365640790065,-0.03302935359086989,0.06454741379310347,0.10705241090146767
S131,0.0076345591042117356,0.13465894789831356,-0.10065387501339906,0.03136379654645838,0.1605568445475638,0.044633901705115386,0.011778008103269677,0.0916916167664672,-0.021727972626176317,-0.05322733949710545,0.2042757496150014,0.008375084124728982,-0.047949860303556635,-0.06579971966983322,0.013919236060532691,0.03509596553074812,0.07607455306200084,0.022088920254057953,-0.009082152194853421,-0.05444758815816708,-0.072455350660665,-0.09253707794256871,-0.06084930088037288,0.08676911544227894,-0.054705933758629754,0.12469192149703323,0.042394217493705755,-0.05827470174365246,0.05450949367088587,-0.00014863258026165393,0.04568379504422193,0.0011822797134710683,-0.06774596998332405,0.09114470842332612,-0.0053848174415549455,-0.07779461168565971,0.07386363636363646,-0.05822348811022049,0.025125628140703515,-0.019487598800763006,-0.041617205502409105,-7.198905766314656e-05,-0.011196440106222671,-0.007358298120355489,0.019806305978300465,0.03303173919287672,0.037228541882109445,0.053070607553366234
S143,-0.04038361368998378,-0.08651127725073815,-0.07004197271773338,0.21613372093023253,0.05876110487856634,0.03724272178169641,0.15059621424799174,0.023598749671908337,0.0179604823277153,0.0796896394340485,-0.03240037457080425,-0.011292719167904974,0.08028485439362476,-0.12685510310978343,-0.006919662285664541,0.030528161297391998,0.004535923659549024,0.12854298561553446,0.059819833964634084,0.03985534402638313,0.017108167770419458,0.10537435396005024,-0.0035742402771217208,0.06562325321408613,-0.0986478943124729,-0.08465279063115205,0.08761301489679041,-0.06654961677415006,0.0404201495820502,-0.023264176045449725,0.09145129224652093,-0.07502332287337787,-0.07909214707217427,-0.017134224465989556,0.08215341227375461,-0.02456780501629574,0.031002566976391144,-0.07763552165622445,0.07028522617544386,-0.02661076709877752,-0.07299908842297176,0.004563132966229011,0.056924351293559994,0.020628755679319877,-0.09161551990237249,-0.10290647249843687,0.12389199972795906,0.0698607219881886
S146,-0.11768096845919462,-0.12175385773428682,-0.24981882182420545,0.3418903150525088,0.02526833631484804,-0.03836620325466111,-0.0419995434832231,-0.01037613488975353,-0.13336543090996633,-0.01306447032093161,0.20831600831600827,-0.03430531732418529,0.005784441034116572,0.15727346371947704,0.02684958353748179,-0.02534278959810876,-0.01648820240689841,-0.01790904828879525,-0.041427360888805165,-0.04782052543540294,0.05997283460453473,0.0973833029809259,-0.014494019034314132,0.046833184656556615,0.10120744591648512,0.06832851101713788,0.08756345177664993,-0.04597491170381207,0.09333333333333327,-0.1788793103448275,0.11787591290696886,-0.015263846489315225,-0.07631477433457634,0.1922493903644633,0.005981780265613024,-0.01643925694558601,0.00017242370251158157,-0.061799719887955185,0.006849737735266759,-0.008061194468961363,-0.09937813920114802,0.03410883280757093,0.04102792443228798,-0.007393715341959428,0.026293365794278767,-0.12495496577398824,-0.00263925545214605,0.030039361922519214
S154,-0.06854700854700857,-0.0695569666447704,-0.08688806707919894,0.23238665093544597,0.07149133598116064,-0.03589056320073225,0.016961676686930938,0.0294456704324626,-0.003388421826551191,-0.025329798447631502,0.07766741429029134,0.027814414255986408,-0.04555078683834057,-0.005329341317365177,0.11181831764530115,0.08644127823031034,0.014831239221483328,-0.015440597954366697,0.01810368248166183,0.0016844334287844376,-0.06375943452737509,0.17338123996636345,-0.02177886415185748,0.13008056893369946,-0.05915027474715295,0.01592621848380693,0.0708031496062993,-0.007881542753467752,-0.008719944128504409,0.042797685514160966,0.04820255121762673,-0.029978706712988856,-0.0361832061068702,0.07689472561153021,0.0008222031389890638,-0.012534689240282337,-0.03750192811969766,-0.04237424547283708,-0.005534278860317432,-0.004249377769683815,-0.01706677425862413,-0.02631525636610421,0.05961747719092658,-0.05579110036850665,0.05868889635477914,0.0407913403424216,0.04019939804364192,-0.03781343665472614
S171,0.09174202048026814,-0.08100528529824169,-0.18544919665082604,0.20804117559301805,0.11779753149581107,0.06220231344976179,0.015425504195111905,0.34184753186672556,-0.10641777777777783,-0.08356677845728933,0.05743170574317058,-0.07797804019059451,0.023830057646044178,-0.05235052087892855,-0.026064172106279204,0.0530358449158741,0.06408652127279235,0.03416596104995784,-0.012449995918034085,0.10134517977248181,0.010807990459153372,0.08875245222698536,-0.05879244285903029,0.010457256461232634,-0.0893681985438034,-0.09301223505083578,0.016420125424864818,-0.17107184923439345,-0.09759531452384962,-0.06264553870619638,0.09405469678953637,-0.14679199912558738,-0.06311470070995895,0.09932386747802568,0.0026905268426979934,-0.09802721088435373,0.24625315328683772,-0.04778256314747975,0.19378547953391112,0.00956791694233794,0.12937964507811328,-0.007703147017379175,0.06312308055752425,-0.012529540286262075,-0.0846386493928587,-0.014137744833341515,0.2353489284488255,0.012076923076923096
S184,0.06564071915932068,-0.09763918579793673,-0.18365835596149105,0.1858127331352344,0.020037227636044985,-0.015687530014406925,0.05209574352864732,0.09835390946502054,0.03197141379472468,-0.03001047406530355,0.022958223560406443,-0.007217544184324853,-0.011321472742840788,-0.008608666378108087,0.0763025210084034,0.048266062785844444,-0.0070894888775684395,-0.009646715829188857,0.04494769018814315,-0.010995418575593496,0.0124291412975015,0.01078499979417935,-0.023864634049006406,0.09783766074207545,-0.03399359594906548,-0.054905594810610414,0.03192421650043831,-0.0003610832497492611,0.022583522542977796,-0.009627727856225898,0.04115275142314978,-0.04522575029330511,-0.10032362459546929,0.15857907707996954,-0.0005861879465102193,-0.03610095098756405,0.011614270041236274,-0.008863183986179246,0.0642889768574908,0.048238463174310686,-0.04190469789636386,0.036613749261819706,-0.0055623388956721476,-0.034081148864534394,-0.062290880615077926,0.017148399612027188,0.07584837958544854,0.03689327178626378
S186,0.019867095978625793,-0.10448158753412795,-0.06349092986716198,0.16481639624252775,0.003102029806460349,-0.04456824512534818,0.038324547656361174,0.04112656939260262,-0.01742344244984173,-0.0693049144718978,0.04318984786213864,0.06734486266531037,0.04236421725239614,-0.02612009095937562,0.03157167963846352,-0.0006141374439601055,0.02445372556140657,-0.00477254878269795,0.037599421547360734,0.004992163464329069,-0.07045009784735812,0.015018383498473176,-0.0434915961231751,0.08217358299595134,0.0043721580972369,-0.036926498127340834,0.08067073170731698,0.012739210954599178,0.0049820868786387695,-0.0011254290698329283,-0.027852049910873422,-0.07227876487838536,-0.011975323575662222,0.06599264705882368,0.028366745623664036,-0.011692961844019245,-0.08288905101296373,-0.07070094591317,0.015927115422429194,0.0436722983742428,-0.05220048899755492,0.07104956645528682,0.025589225589225606,-0.04269050861507473,-0.029474077766699858,-0.04389300676764418,0.04015064900127774,-0.010354842783179663
S188,-0.06884309639577058,-0.07504051863857375,-0.16004034630579134,0.19795644545360713,0.08230790265244736,0.07729509587646355,0.022035256410256387,0.09921125889266946,-0.014969646799117053,-0.002208267200331182,0.10748626373626369,0.0039146125145268496,0.021390703982246295,-0.001101704743128873,0.06371362638599654,-0.06013745704467355,0.061662798176682854,0.01746031746031762,-0.0011527981555229383,0.0009962248322148426,0.020493761614016615,-0.03256101966045721,0.02613751533578701,-0.017156862745097978,-0.058289611752360915,-0.062331071763472745,0.09677805009265339,-0.06497144112478037,0.015862068965517118,-0.1190803806902877,0.20432206812979659,-0.07600671140939597,-0.06848820414058732,0.004942442442442463,0.10779619398403928,-0.06918309859154925,0.08577905765578087,-0.05848434925864909,0.08038566533077773,-0.09209383145091232,0.043196544276457916,0.02394630567089484,0.001335113484646211,-0.057801199753321764,-0.06371076959312261,-0.1121600500156299,0.06663407138366995,0.09825397848076789
S193,-0.04854368932038833,-0.10903758997600632,-0.06422018348623859,0.20818897637795275,0.01461211477151969,-0.07783417935702197,0.1404860699466508,-0.014602346805736688,-0.0048806941431670525,-0.024470717624415772,0.057410985371239454,-0.06597310327328076,-0.024721543058951467,-0.06452513966480433,0.0753932917779756,0.06473829201101933,-0.027617373838815018,0.017142857142857126,0.08215369059656208,0.04799818016378521,-0.06581233709817558,0.018867924528301883,0.23120989917506862,0.0799195318215069,-0.06990291262135928,-0.11550781986056158,0.1315846994535519,-0.048477797168896664,0.09722796855606108,0.001145694099675465,-0.03441024660676739,-0.10630310215372463,-0.06154835942526282,0.05459900317172628,0.044157467194334554,0.003132341425215346,-0.1385095591104175,-0.07732544916988848,0.015430562468889963,-0.05949214026602179,-0.030349400663096104,-0.03524460810099961,-0.01609822646657566,-0.006458859870822731,-0.07294577976523198,-0.09958750736593991,-0.0013110455588332126,-0.0041508128675199485
S196,-0.04276985743380857,-0.05289462723865068,-0.04171934260429844,0.19995419147961524,0.07858861267040895,-0.019019205668469152,0.4726131608976798,0.16930603836745184,-0.1105445866782383,-0.11277398067405131,0.2404283801874163,-0.009931987477059256,-0.07215601300108343,-0.035934291581108724,-0.09133001504803795,0.006535947712418277,0.019478039465308683,0.16235614404157905,0.13803450862715683,0.01923962073092156,-0.06446040549140819,0.17354807223035618,0.26463307514173917,-0.03494064784387374,-0.23955005324813639,0.0561740023976709,-0.03944478608451196,-0.2095387743784084,0.13379341050756888,-0.24451689389448727,0.2823401656033664,-0.12306261624302539,-0.23041418680918258,-0.09151414309484185,0.3012068387529332,-0.16404233350542086,0.17385192127460192,-0.07159735349716445,0.2518840209477582,-0.07446147473073739,0.3179841676887054,-0.046538880053569986,-0.012260404075289166,-0.1010204081632653,-0.060575605299223456,-0.04618960007746675,0.12143650499814873,0.21435044072823128
S206,-0.048049371831606735,-0.052273792780121786,-0.19143932267168395,0.1607032695866748,0.07084910762574381,-0.029865604778496868,0.07808564231738013,0.04500932835820892,0.026859045504994405,-0.09043927648578798,0.21352657004830933,0.027048216385731072,-0.018610176202732087,0.0512462612163509,-0.006244260789715406,0.025570776255707806,0.01361145483471815,0.001229148375768263,0.018701298701298663,0.03779716093723273,-0.08521426234870788,-0.10103128823632235,-0.04362801377726755,0.025468622656886764,-0.014781237682301884,-0.06367641169403282,0.00926923906014232,-0.16645702306079668,0.09468479604449942,-0.10676075574778054,-0.0687515512534127,-0.035190615835777095,-0.20514905149051488,0.03623898139079329,0.1609632446134348,-0.036108048511576674,0.10626932808546541,-0.07005253940455336,0.03494403494403486,0.08839779005524862,-0.05499519692603261,0.06429303278688514,0.08381226053639845,0.03200176561465451,-0.03039580144325371,-0.07192627556754327,0.0016738402678144748,0.038853352286188025
S232,-0.06673414304993242,-0.16749221624681565,-0.19486581096849487,0.13938053097345127,0.11184834123222753,-0.06112654710785548,0.0347756835678259,0.13339063171465426,-0.07090977162111578,-0.016705863271429755,0.23208191126279853,0.2123929336188437,-0.05352318775326437,0.10569105691056913,-0.05364652784901003,-0.015610943536011002,-0.03697913859091151,-0.01716618206217846,-0.0069953740268531295,0.03275420108231275,-0.07799215173315899,-0.03942957786489398,-0.14859862506610255,0.08962363700316556,-0.08796886960959427,0.02747594989272617,-0.05861358956760465,-0.18518248175182483,-0.026960352422907508,-0.13545196446561036,0.10359891824422718,0.055168518169836256,-0.16173464853816766,0.09688046947390117,-0.07669811320754716,-0.1187747236027995,0.2193997976846127,-0.0894048816162355,0.016135579460117677,0.02746591820368871,-0.13941884355738188,0.007788689468337218,-0.017790055248618764,-0.06009210378524088,-0.007226849583537476,-0.000979551855026295,0.14333292216602933,-0.024735364009505156
S240,0.002185163887291619,-0.11520790259591085,-0.03308418086018872,0.2026903487005356,0.056427378964941655,-0.01698742070745074,0.09821038847664765,0.08730631704409997,0.02139840450492736,-0.03249263622974963,0.006885001860811313,0.009217439395335925,0.13271010906424707,-0.022523257711767664,-0.01939284837574662,0.009584664536741228,-0.024094369614322764,0.09585026940164476,0.03260498463639472,0.045071121402580294,-0.07276295133437993,0.0996502004948383,-0.02458507833100665,0.11046236389458741,-0.0832853855005754,-0.051729559748427634,0.0016078530930014878,-0.04284027660651035,0.04103518567756792,-0.05587417448731313,-0.012520413718018486,-0.06272826880934979,-0.07706982067913004,-0.005827974276527259,0.08327459470345389,0.017233392013342064,0.00885198028837375,-0.09032373457342158,0.004264603788554977,0.08741017816714236,-0.08199081990819912,0.06029955261622266,0.03833240067151644,-0.06903103229892338,-0.05833738454059312,-0.012326334482398504,0.09767392906009897,0.04948512585812348
S292,0.03713493649667976,-0.10198757763975153,-0.08149180436658043,0.27008547008547024,0.03632518504696147,0.06923449026484474,0.15037254459245886,-0.0017405598800948052,0.033352529033496614,0.06926911072809427,-0.03360006883496813,-0.012711111111111117,0.06544819244725186,-0.09133402275077562,-0.0026144370097929137,0.1282210769504175,0.0057721757568618415,0.09440887402634468,0.0928694757723818,0.09130083490439,-0.07069597069597078,0.03125826938343468,0.03862051149573742,0.029056674590266285,-0.09491385862680513,-0.044832747398099504,0.0783001874793221,-0.1390517330042168,0.05308957368673162,-0.028659003831417618,0.1295097849254021,-0.06248697464397346,-0.05685386693931205,-0.06369284571598655,0.06875928387147234,-0.033219203030523836,0.008045144316925379,-0.0746542056074766,0.02722530159765224,-0.05270102763005324,-0.050097215902039416,0.03141518758863726,0.07706600228030913,0.03921568627450989,-0.06585338303399968,-0.10161878918311962,0.1753157894736843,0.035170932521926046
S321,0.03842301739051268,-0.05916904206616558,-0.18800556666956592,0.2306443486536418,0.13684403166033765,0.013021149257956166,0.0698770904694741,0.07085430911413337,-0.02878226201300982,-0.03929832144658174,0.024636182315136423,-0.03969631236442528,0.02614428614731734,-0.043433183989336155,0.16676859567311375,0.05173030056864336,-0.034396100160474674,0.008156555278050037,0.020681719226223638,-0.003178289835584658,0.014275120504263938,0.12696295398047663,0.09312922942588964,0.036436741421507435,-0.10194792482380577,-0.14339571467317602,-0.06532396565183451,-0.004935572559541579,-0.013747271720363607,-0.07712237962246382,0.0783287946108644,-0.05689621345889728,-0.0594130279169649,0.043813887909763816,0.09433898534080942,-0.03427400862200747,0.026146687347662345,-0.09616263830046623,0.014890470786478094,0.009438081483223115,-0.047866980181390684,0.07715246714518531,0.07683375266111869,-0.005330201463546791,-0.09283055121892625,-0.050495280659040076,0.09370966053797591,0.08425630436142928
S335,0.05619847212767559,-0.10546099290780142,0.0442637759710931,0.1335581293065533,-0.004426218837466633,0.07694326008527397,-0.07966932026944284,-0.029115414812876272,0.004887983706721055,-0.09584863815926248,0.10651067385854307,0.15993404781533394,0.2566163141993958,0.008614748449345289,-0.09517121131399242,-0.013334053120276357,0.07433304647160077,0.15673823203306125,0.05351966425820964,0.04740470397404706,-0.1023698523698523,0.10963021037501619,-0.005094059604508483,0.10873840966563653,-0.09693445699775527,0.006726276784275731,0.14777555110220453,-0.0018450814910992985,0.08246995441359295,0.04227208435129248,0.015336762033814955,-0.07070800555298462,0.04600006469770013,0.1260768154252836,0.052470361336434346,-0.012124321551049144,-0.05709745472478711,-0.09151414309484185,0.09310246045134796,0.1286422991389633,0.058278504718957125,0.07443469495291999,-0.014888821464175805,0.22315654726434064,-0.03586365349751397,0.02905497036913185,0.06597410092702805,-0.0019176768714471715
S344,-0.07170795306388533,-0.12342569269521408,-0.05444266928843566,0.07506775067750682,0.03926870091412371,-0.02802916038210157,0.027137736815155966,0.033074872788950715,-0.01752931422480164,-0.07876041156295943,0.04797288489114848,0.003065603923972926,-0.04804841897233203,-0.06127197518097205,0.06507322464769283,-0.0335970943053574,-0.001184522242695496,0.03445065176908746,-0.014360815489165124,0.0014439485429247334,-0.014045681281176225,0.0816953316953315,-0.14719945355191266,0.02955400322407309,0.05997138025237403,-0.065185546875,0.07479696096410793,0.06190134099616862,0.0499714774671991,0.0003291639236340238,-0.03332611988747025,-0.03580707104936187,-0.011818703384968487,0.15591090805254137,0.10384923817161185,0.010473588342440943,-0.03356127406874221,-0.006917180781454535,-0.0024378809188936312,0.060622761091209565,-0.050971291043493294,0.040205535022086014,-0.06717397008659143,0.035144376899696184,-0.062727603787327,0.0014627011214043417,-0.003597472046669825,0.05374057606804561
S354,-0.05772994129158515,-0.0996272791377053,-0.10725075528700923,0.10034078000757285,0.15244330137947149,-0.014968856741008785,0.00215605749486647,0.13790297976202592,0.09317311041448972,-0.05180037902716361,0.10058011275431,0.04452155936207913,-0.04646680942184145,-0.006852847984673227,-0.034580457682528265,0.0006790915264469621,0.025783657821544015,0.14853914207122165,0.06018987341772153,-0.023762962962962875,-0.11746475449684013,0.1375628994968039,0.01749534058798763,-0.000179964007198552,-0.10080767595797657,-0.07873431385777885,0.01769777643321735,-0.06605751947273819,-0.05734454314720816,-0.13886080215706098,0.1357975884562166,-0.06867891513560798,-0.21945722603061313,0.08524590163934431,0.16977711421563413,0.05310053100531009,0.07225263157894735,-0.08270270270270264,0.03423848878394331,0.04150571217226928,-0.1771419637273296,0.06503908134710046,0.011731280359270402,-0.07029250457038405,-0.06584603360687769,0.08682318104906939,0.09308088818398108,-0.04326753612971457
S356,-0.1266976744186047,-0.13306451612903214,-0.32087079981069566,0.09333835152427561,-0.04059441826748822,-0.05500184569952005,-0.03308090872857705,-0.0057636887608069065,-0.022453222453222454,-0.0895585738539898,0.24885844748858466,0.07555238774055595,0.0060606060606061,0.2060686895631878,0.0533836613642491,0.13676507696189732,0.027264731750219928,-0.04168429961912823,0.01167143800924908,-0.0019654946494866987,0.06812428078250843,0.08804763930242432,-0.07600077354476886,0.016310103791569608,0.06051645968854724,-0.040107913669064854,-0.036388944124080336,-0.10429070006158891,0.04808793221891472,-0.13263950398582802,0.09894789579158303,0.0039044556729443958,-0.07963386727688793,0.10606060606060619,0.021299254526091493,-0.11905269895455517,0.12156018186168938,-0.011831819142193,-0.19922879177377883,0.05381760339342523,-0.014359990096558528,0.06540189715426847,0.06359447004608287,-0.0966965653029972,-0.018967587034813937,0.004039383993940993,0.12572582681141142,0.09329187027987551
S393,-0.037413822095174076,-0.057670429684081426,-0.01950293406972725,0.06492027334851924,0.009274324764074304,-0.03372055501774762,0.08112624279388436,0.07385924207269912,-0.05203604580256116,-0.030262790047525967,0.08824786324786316,-0.05562106918238985,-0.04122022793967095,-0.06713577942126825,0.03394991246098811,0.03163250258074024,-0.0006332676611314758,-0.004517859663984103,0.023184036749928305,0.04134439600618767,-0.05684125050751121,0.09025902955125842,-0.061152279858468495,0.055053230275630805,-0.033460076045627396,-0.04080618834717198,0.0950805206265164,0.01311171445599646,-0.1536386366627187,-0.030848943802311735,0.07681643969664864,7.544892108057866e-05,-0.03554431885782272,0.07394552176865621,0.07572870350765748,-0.07550368390167572,0.0018802228412257982,-0.01755719914287679,0.05208704958972521,0.015333916201492936,-0.031136618510455794,0.06627772878366467,0.01049304677623275,0.021997360316762027,-0.010150399207773608,0.02067457838850717,-0.05568023291077828,0.021446157833354906
S404,-0.03611084748979787,-0.08799656226126817,-0.12692404743880903,0.14371853049045824,0.12205401208894795,0.03357372575772355,0.1412674023373841,0.02222586058695919,-0.07320775278275082,-0.053115599484314546,0.1217954326712749,0.01780610274237171,-0.051814072099223396,-0.024597691969811875,0.11392103065728243,0.01780373166215643,0.04121925874610333,-0.04353867531264466,0.05690413973318664,0.04786489907401226,-0.06531158404485793,0.0716803760282021,-0.0149549493761032,0.08840994062018903,-0.0589416489487361,-0.08764506393702753,0.13048556058890148,-0.03337154897282568,0.03635609179992971,-0.10037232877569546,0.05801569506726456,-0.05735328423367869,-0.03421222325714701,0.07805815386846504,0.12848375088037023,-0.032852991757101324,0.03954766766137885,0.05222302766702924,0.015397800314240762,0.03169505724657906,-0.05009266471488805,0.07198514726152627,0.03308123545589159,-0.004116920543433378,-0.042580545627523114,0.03227897679695313,0.06889692585895113,-0.002404663589992695
S425,-0.045151806072242895,-0.12939873417721515,-0.4844263145158503,0.07895944912012265,0.09357426707655381,0.21078010436620676,-0.12377994676131321,0.058852529734393144,-0.0397443346891343,-0.13981889669963077,0.41796769851951554,0.004929346040092097,-0.042077742699289655,0.08256740196078427,0.13516645126788185,-0.0737270714737508,0.05029975764275707,-0.0595532524633926,-0.05527051266007588,-0.02591639300612414,0.00834403080872903,-0.08393805309734514,-0.07796625967005322,0.06976991338540839,-0.036659289906668,-0.014399539214745127,-0.017495254219896395,-0.21975256867267767,-0.11580647331942673,0.04646000765403735,0.13923054919908462,-0.0521677411722955,-0.21202655212807497,0.13058310194367317,0.24759380666759667,0.08368415064284895,0.0901274374328267,-0.06146682188591379,0.03852358836470304,-0.03997400064998369,0.008976308431843716,0.015387574533564097,0.13241987483406037,-0.058737027855972346,-0.14198746642793192,-0.005377202789756841,0.22309641989650442,0.11455081883097451
S439,-0.12383638928067708,-0.15297217190844725,-0.29528582034149964,0.2382094324540367,0.054010199350950305,-0.03370786516853941,-0.03729123770304288,-0.054674556213017755,-0.12934313974131373,-0.015393902807123605,0.12180052956751997,0.07064935064935063,0.0804819277108435,0.210373998219056,-0.01010638297872346,-0.002613695765812829,-0.0076504590275416895,0.04333443599073772,-0.0899462535567499,-0.05314345258770403,0.09391854193788363,0.05809945839487929,-0.08822184976382741,0.023415286837263682,0.1954674220963173,-0.029815662501546436,0.043198181129215696,0.02562560153994209,0.11098252517069795,-0.12469337694194604,0.1071387778412336,0.011748518204911074,-0.06988388196441886,0.20550478677110529,-0.005093378607809784,-0.004512635379061325,0.08919350295746886,-0.04209517169252219,-0.011092073225719257,0.019030396968914287,-0.1089212522891776,0.037635448916408576,-0.0020472734040573037,0.04286250234477573,0.03576462297392524,-0.08458012626481015,-0.027451722832260606,-0.029226138460044626
S445,-0.026371826371826335,-0.06701119724375537,-0.06263084438241462,0.08560090702947853,0.009677986978708475,-0.011652922194334892,0.05139930492043154,0.03546470999301188,0.005578093306288112,-0.04137931034482756,0.04696707105719233,-0.030207989435457216,-0.06966864910790149,0.01879145173176111,0.050397398843930574,-0.008747855917667247,-0.024689226519337026,-0.0062078751330258974,-0.009060223840824277,-0.013629842180774676,-0.016927557335274845,-0.024125230202578174,-0.0506137865911237,0.044002411091018656,0.015064836003051196,0.008834586466165417,-0.04980414101846675,-0.11166538756715272,0.1094527363184079,-0.012645914396887115,-0.10553834237025572,-0.09619541720709024,-0.09184405644582638,-0.04570990806945863,0.04308268664704307,0.02791547091051405,0.036141575274177606,-0.06908131446390009,0.01540469973890346,-0.00994390617032126,-0.07956600361663646,0.04115341545352735,-0.0858369098712447,0.04636553993419068,-0.07028112449799206,0.10610831234256923,0.0827683615819208,-0.022809745982374174
S457,-0.06187539868169245,-0.12941441103696483,-0.2591342988808426,0.1351351351351353,0.04353887399463807,-0.04604462474645021,0.036242762170276555,0.042559833506763844,-0.03864589574595567,0.011034340517686037,0.17586034912718196,0.0612159679305162,0.022245173591801004,0.13539577225736754,0.011495016611295705,0.0006505757595471895,0.07094418362024002,-0.06329418849744062,-0.033740769034886764,0.058080306939207516,0.02485599799649396,0.01651409082749944,-0.06460541813898701,0.002913420735955352,-0.0810142238713667,-0.061859080383724785,-0.0009527299377061205,-0.11787746655827358,0.09779991697799906,-0.13316911708105605,0.011486190267426588,-0.004202784344628174,-0.08741594620557158,0.16847674742411578,0.07826765509168943,-0.015707574867880325,0.03582001184132633,0.026936026936026813,-0.0858646089091547,0.06207744314689623,-0.03888101983002823,0.05713039686000854,0.07741627446968136,-0.06902913856724768,-0.012259910093992521,-0.032760659386520175,0.12336260256225717,0.08454475899005343
S469,-0.023507018796098067,-0.13094321462945147,-0.1386969137430758,0.19724592707525201,0.11955133544338947,0.05575769495525629,0.047485903350575454,0.0561228981424422,-0.0584534622114824,-0.03672617461586292,0.13125028384576964,0.03543822095373983,-0.056695001169772996,0.013450741204507954,0.07007282305546947,0.04178343033699816,-0.03426087551767798,0.04952292794075763,0.05893333333333328,0.06479372310807396,-0.05321100917431176,0.10444499168872756,0.005853878194303608,0.15108013550286015,-0.13170108789076884,-0.10582309999434114,0.08312188854986347,-0.11824800375763267,-0.02015758371634946,-0.07031642390758408,0.09125244967040813,-0.05342258974863823,-0.1090411717857267,0.07176563856695228,0.06913703058940546,-0.1188455569131196,0.03252423592096498,-0.06364598025387869,0.08429758336810966,-0.019416456759025924,0.09483930999928414,0.011074705111402405,0.017300704247998233,0.00872355671869629,-0.06294623787148346,-0.03623564523454237,0.10810271420968598,0.03801100396379353
S482,0.04136589867826901,-0.10560212005423386,-0.21249266479754847,0.20279077905603438,0.1196323584133363,-0.018911745189117424,0.024438025035693922,0.1458779871397038,-0.05247968618660681,-0.15939074467775294,0.16049936200296577,0.0532932011331444,-0.10014509658880766,0.1004167184973257,-0.01887572333976295,0.05163776493256256,-0.04960463890353184,0.014730815197754099,0.04108332658951741,-0.0773596972765549,-0.0054066424464341845,-0.06846576711644181,-0.05726687621613524,0.17317487266553488,0.04159590241272415,-0.07968168137529974,0.03744774732930778,-0.0016210127208287073,-0.0032586898395722264,-0.11645101663585944,0.11170814479638014,-0.07465624465110976,-0.1257801691006919,0.1297851831451391,0.06965995378012546,-0.03622505543237253,0.06862745098039214,-0.050229897348160746,0.028033946251768027,0.03700166452915643,-0.03906702469330814,0.06045081967213117,0.0008122652045892131,0.03921222958168591,-0.047308516014149204,-0.049261083743842415,0.09530993594833514,0.02932232841007809
S489,-0.037515492420631125,-0.05739752191586267,-0.15088576664630415,0.28264411027568936,0.11281949868986985,-0.020870165150273845,0.06785939802146901,0.16367677409112558,-0.11352558895207154,-0.013201815249596738,0.05972604836241202,-0.04672831966497992,-0.03945117870156922,-0.016755085683752502,0.11181155864255765,0.08846179602223248,0.019065038130076317,0.056451857928478066,0.0053895425943171205,0.07793720698962914,-0.11166077738515912,-0.056674732515087034,-0.016728286562822103,0.08290405666452028,-0.07467359839309984,-0.3384639498432602,0.09273182957393478,-0.10842784078274403,-0.08283995642495146,-0.14519720101781164,-0.005811410360557434,0.01875820671543793,-0.17948717948717952,-0.3278984200274151,0.24054621848739477,-0.0008302889405512603,0.19424402757736092,0.14250261233019845,0.22211970937608116,0.12789224198620164,0.0885763631877623,0.05271266644657202,0.11390811831340475,-0.08310867342195782,0.012922599365679188,-0.018088781696108502,0.04906204906204881,0.08971122467828341
S493,-0.053444585750178186,-0.10683746682829343,-0.16798259465908705,0.21459553727138592,0.12156334231805932,0.08834787406462286,0.012854539059252268,0.08068984839523075,0.01329476553373743,-0.051465002712968055,0.14328825622775798,0.08226017747237813,0.059451578006678885,0.006706089043150287,-0.05294333918869232,-0.04149595545750606,0.04929577464788726,0.018214430612201182,0.033557618601481876,0.02585210860774123,-0.016688295887744342,0.09094080229814283,0.04853707035318622,0.19945562044848208,-0.11674606524754272,-0.00890808476177618,0.10446923454711277,-0.11577721777409178,0.006558514791359382,-0.15308043652592307,0.12062615101289142,-0.06946697242575084,-0.0975589927034003,0.029204431017120003,0.1776661679846121,0.015215615070358623,0.05696682806966824,-0.014035669846536813,0.08081607897973275,-0.024857191775491505,0.26649423936045147,0.0980821570985504,0.025341152845602677,0.0031413043478261127,-0.048067666070691684,0.007689083178633371,0.08534011771050709,0.200268817204301
S498,0.5120392204713429,-0.14360257692307699,-0.2953390144877628,0.6236398268128582,0.19061199153898345,0.20232713618932818,0.27788644462902923,0.677845111111111,-0.09691611619829488,-0.13414851898495406,0.4171930823629699,0.20676858711266166,0.0873699962655905,-0.19565139780581653,-0.07029216366324387,0.07206649198650017,-0.08713681121331585,0.08943741012802509,0.01368892939238986,0.036707204860589204,0.056382733878360236,0.4370114314311071,-0.052813610118248255,-0.03490410958904111,-0.21925686245687848,-0.06531006618053181,0.24668834092655723,-0.1971528420877935,-0.16023213170310324,-0.09042776044410228,0.3075140458315817,-0.07288384349681842,-0.04297156876894226,-0.06130363036303632,-0.14537792994469323,-0.3673343605546995,0.6024051803885293,0.1339507193649745,0.023129654288109647,-0.15638958771884792,0.26014953964036325,0.2614205859676175,-0.04427846472732466,-0.011452867047152093,0.02126443818619661,-0.20174880763116054,0.16736360984148613,0.04040530921576013
S505,0.04107367099204695,-0.09486579353617852,-0.16227317631154792,0.1672653647704263,0.11203508572079524,-0.006071520452791357,-0.017442460522241743,0.11169961717971577,-0.06271385048043121,-0.10641750676174078,0.1386272599328786,0.03565340909090908,-0.11255510653930934,0.07072998588425072,-0.022619212482112405,0.0770082080604999,-0.022827909376209155,0.031725720337113295,0.04779927705719755,-0.044540829093335566,-0.03202676864244747,-0.08109867222077582,-0.08796950014120308,0.1396192679848549,0.02140631350765476,-0.06989154759855398,0.06125281140833616,-0.05844672203569545,0.003025575568477157,-0.06211594340970805,0.06491615624058644,-0.05985049205147619,-0.11232698745815217,0.1404349022846132,0.04866379935243792,-0.04258064516129034,0.11003423501615317,-0.047466435686444375,0.03251511265799589,0.01628820960698696,-0.04937422046363593,0.04847682119205299,-0.0010085304870361966,0.024605888731337178,-0.07295151344161876,0.01656072988282098,0.07586553776511029,0.015207642815363798
S514,-0.09525404801786708,0.04143377885783717,-0.1409403540421693,0.11958594388450017,0.11866248189280548,0.08246968026460855,-0.04266693564656043,-0.0017719407963310285,-0.05041196877710308,-0.023410603626348503,0.1850424929178469,0.02989234909650129,-0.02779622426714723,0.05317693059628548,-0.0017526058481689422,0.027460375967563566,-0.012905476107429426,0.003832100525799964,0.01785401715385948,0.04616717193590292,-0.039191235414625436,0.05115042625355204,0.004093720059228367,0.16814770080234664,0.010855117412494453,0.07861313868613151,0.09763694224388941,-0.09712318662404729,-0.0033813484817745154,0.048897411313518546,-0.06690507152145653,-0.04107830551989722,-0.030624774286745926,0.058415268941584886,0.09713429991151057,-0.0001237394048133611,-0.09009730262347582,0.049795361527967374,0.026405616023700507,-0.05797282134397197,-0.1024656821286839,0.009667266187050272,0.10791793200503674,-0.010636865490776803,0.005802968960863852,-0.04768971332209104,-0.0005615217238718051,0.08060804685865697
